id,year,date,time,pair,direction,outcome,profit,r,lots,slPips,entry,stopLoss,takeProfit,mambaDecision,mambaR,setup,review,source,row,batchId
1,2026,2026-01-05,22:30:47,DJ30,,win,177.66,3.16,1.4,40.16,48595.55,48555.39,48712.97,,,,5 R&R收手,TradingNote,5,live-default
2,2026,2026-01-06,22:31:00,NAS100,,loss,-48.02,-1,1.4,34.3,25502.05,25467.75,,,,,,TradingNote,6,live-default
3,2026,2026-01-06,22:32:00,DJ30,,loss,-49.14,-1,1.4,35.1,49028.55,48993.45,,,,,,TradingNote,7,live-default
4,2026,2026-01-06,22:36:00,NAS100,,loss,-43.82,-1,1.4,31.3,25490.8,25459.5,,,,,沒有照著ATR，這禮拜算是習慣新策略,TradingNote,8,live-default
5,2026,2026-01-06,22:40:00,DJ30,,loss,-28.63,-1,1.4,20.45,49082.55,49062.1,,,,,原本TP1該BE，但沒BE就把打掉,TradingNote,9,live-default
6,2026,2026-01-06,22:44:00,NAS100,,win,38.08,1,1.4,27.2,25500.3,25527.5,,,,,沒有照著ATR，這禮拜算是習慣新策略,TradingNote,10,live-default
7,2026,2026-01-06,22:49:00,DJ30,,loss,-64.52,-1,1.4,46.1,49083.55,49037.45,,,,,Over Trade，一天最多4筆，這禮拜算是習慣新策略,TradingNote,11,live-default
8,2026,2026-01-07,22:32:00,DJ30,,loss,-16.94,-0.58,1.4,21,49543.45,49564.45,,,,,,TradingNote,12,live-default
9,2026,2026-01-07,22:37:00,DJ30,,win,4.06,0.14,1.4,21,49545.45,49524.45,49542.55,,,,,TradingNote,13,live-default
10,2026,2026-01-07,22:39:00,NAS100,,win,34.93,1.66,1.4,15,25669.4,25684.4,25694.35,,,,,TradingNote,14,live-default
11,2026,2026-01-08,22:31:00,DJ30,,win,127.25,1.7,2.5,30,48919.55,48889.55,48970.45,,,,,TradingNote,15,live-default
12,2026,2026-01-12,22:30:47,DJ30,,win,272.17,3.2,3.4,25,49191.79,49216.79,49110.9,,,,還是直接Close比較能夠冷靜,TradingNote,19,live-default
13,2026,2026-01-13,22:39:00,NAS100,,win,45.09,0.67,2.7,25,25867.36,25842.36,25884.06,,,,還是直接Close比較能夠冷靜,TradingNote,20,live-default
14,2026,2026-01-14,22:30:00,DJ30,,loss,-117.26,-1,2.6,45.1,49208.08,49162.98,,,,,"原本可以賺錢，但因為下的手數不是0.5倍數所以一直被卡，
而且MAX虧損70，沒有及時砍單，以後要直接設定SL。
因為今天FTMO沒有設定好SL，爆倉了。",TradingNote,21,live-default
15,2026,2026-01-14,22:32:00,DJ30,,loss,-105.21,-1,2.1,50.1,49174.08,49123.98,,,,,MAX虧損70，沒有及時砍單，以後要直接設定SL，但至少沒有任何想凹單的想法,TradingNote,22,live-default
16,2026,2026-01-14,22:33:00,DJ30,,loss,-84.21,-1,2.1,40.1,49140.08,49099.98,,,,,MAX虧損70，沒有及時砍單，以後要直接設定SL，但至少沒有任何想凹單的想法,TradingNote,23,live-default
17,2026,2026-01-14,22:35:00,DJ30,,win,115.29,2.2,2.1,30,49160.08,49135.08,49214.98,,,,,TradingNote,24,live-default
18,2026,2026-01-15,22:37:00,NAS100,,be,0,0,,,25725.26,,,,,,,TradingNote,25,live-default
19,2026,2026-01-15,22:33:00,DJ30,,win,67.83,1,1.7,40,49333.08,49293.08,49372.98,,,,,TradingNote,26,live-default
20,2026,2026-01-15,22:35:00,NAS100,,loss,-71.12,-0.86,3.3,25,25727.51,25752.51,,,,,,TradingNote,27,live-default
21,2026,2026-01-15,22:32:00,DJ30,,loss,-68.17,-1,1.7,40,49332.08,49292.08,,,,,,TradingNote,28,live-default
22,2026,2026-01-15,22:30:00,DJ30,,be,0,0,,,49320.08,,,,,,,TradingNote,29,live-default
23,2026,2026-01-20,22:30:00,DJ30,,win,130.8,1.87,2,35,48734.05,48699.05,48799.45,,,,還是忘記BE要設定正的,TradingNote,33,live-default
24,2026,2026-01-21,22:31:00,DJ30,,win,0.66,0,1.2,60,48706.96,,48707.51,,,,川普剛講話，市場非常沒有流動性，而且atr異常的大，今天交易很有風險，所以BE,TradingNote,34,live-default
25,2026,2026-01-22,22:43:00,NAS100,,loss,-65.75,-1,2.5,25,25507.02,25533.32,,,,,,TradingNote,35,live-default
26,2026,2026-01-22,22:35:00,NAS100,,loss,-31.52,-1,3.3,20,25530.02,25539.57,,,,,,TradingNote,36,live-default
27,2026,2026-01-22,22:32:00,NAS100,,loss,-72.77,-1,3.3,20,25547.77,25569.82,,,,,,TradingNote,37,live-default
28,2026,2026-01-22,22:30:00,NAS100,,loss,-82.43,-1,3.5,20,25561.27,25584.82,,,,,,TradingNote,38,live-default
29,2026,2026-01-26,22:33:00,NAS100,,win,70.11,0.92,3.8,20,25656.3,25636.3,25674.75,,,,等回撤，一天一單OK,TradingNote,43,live-default
30,2026,2026-01-27,22:30:00,NAS100,,loss,-116.5,-1,5,15,25850.56,25873.86,,,,,開盤第二層布局，但來不及調SL，造成SL太大,TradingNote,44,live-default
31,2026,2026-01-27,22:35:00,NAS100,,win,119.62,1.7,4.7,15,25843.56,25858.56,25818.11,,,,等回撤1MIN OK，因為NAS SELL，但DJ30往上漲，所以不要持倉太久,TradingNote,45,live-default
32,2026,2026-01-28,22:33:00,US30,,win,93.36,1.3,2.4,30,49089.61,49059.61,49128.51,,,,等回撤1MIN OK，因為NAS SELL，但DJ30往上漲，所以不要持倉太久,TradingNote,46,live-default
33,2026,2026-01-29,22:34:00,US30,,win,118.62,1.88,1.8,35,49165.61,49130.61,49231.51,,,,等回撤1MIN OK，因為NAS SELL，但DJ30往上漲，所以不要持倉太久,TradingNote,47,live-default
34,2026,2026-02-02,22:33:00,US30,,win,421.25,2.11,5,40,48965.57,48925.57,49049.82,,,,"等回撤，一天一單OK，雖然第一波爆發沒跟到，但少了一些風險，
等回徹一天一筆更適合我",TradingNote,54,live-default
35,2026,2026-02-03,22:32:00,US30,,win,352.98,1.68,6,35,49520.61,49485.61,49579.44,,,,錯過NAS100好的單，但沒關係市場一直都在，沒有追高，所以等機會做US30。,TradingNote,55,live-default
36,2026,2026-02-04,22:33:00,US30,,win,211.31,1,5.3,40,49531.59,49491.59,49571.46,,,,等回撤OK，進場後動的有點慢，所以TP1 BE後，看突破不了就砍單了,TradingNote,56,live-default
37,2026,2026-02-05,22:32:00,NAS100,,loss,-221.36,-1.08,4.1,50,24583.12,24633.12,24637.17,,,,一天一筆OK，發現ATR異常大，是否這樣的天都會造成Slow?,TradingNote,57,live-default
38,2026,2026-02-09,22:33:00,NAS100,,loss,-262.85,-1.25,7,30,24927.95,24957.95,,,,,來不及close，沒關係,TradingNote,66,live-default
39,2026,2026-02-10,22:40:00,NAS100,,win,265.6,1.33,8,25,25248.15,25273.15,25214.95,,,,,TradingNote,67,live-default
40,2026,2026-02-11,22:34:00,US30,,loss,-235.16,-1.15,5.1,40,50518.56,50478.56,,,,,"Very slow day, 沒看尖尖的拒絕進場，因為以後會吞噬，但後面沒有。
算是看錯，但沒關係，有守紀律最重要。",TradingNote,68,live-default
41,2026,2026-02-12,22:32:00,US30,,win,181.08,1.01,6,30,50376.24,50346.24,50406.42,,,,,TradingNote,69,live-default
42,2026,2026-02-17,22:31:00,NAS100,,loss,-211,-1,6,35.3,24647.05,24611.75,,,,,"Mamba開盤直接上US30，我不應該等5min回撤，應該主攻1min，失誤了，
但沒關係沒有突破紀律",TradingNote,75,live-default
43,2026,2026-02-18,22:37:00,NAS100,,loss,-234.4,-1.17,8,25,24710.67,24735.67,,,,,FOMC，但Mamba有交易，所以我跟著交易。後來US30有跟著突破，應該跟FOMC沒關係,TradingNote,76,live-default
44,2026,2026-02-19,22:34:00,US30,,win,409,2.03,5.6,35,49452.45,49488.45,49379.25,,,,,TradingNote,77,live-default
45,2026,2026-02-23,22:32:00,NAS100,,win,197.55,0.88,9,25,24955.65,24930.65,24977.6,,,,涵碧樓網路延遲不然原本TP2，沒差，住得真爽。,TradingNote,87,live-default
46,2026,2026-02-24,22:35:00,DJ30,,loss,-176.72,-0.92,5.5,35,48860.4,48825.4,,,,,太早進場 -> 要等1min快收盤才可以進場,TradingNote,88,live-default
47,2026,2026-02-24,22:32:00,DJ30,,win,334.5,1.67,5,40,48964.51,48924.51,49031.41,,,,tp5，但沒等到,TradingNote,89,live-default
48,2026,2026-02-25,22:33:00,DJ30,,loss,-212.59,-1.07,6.6,30,49363.36,49393.36,,,,,,TradingNote,90,live-default
49,2026,2026-02-26,22:30:00,NAS100,,win,314.55,1.75,9,20,25292.16,25312.16,25257.21,,,,,TradingNote,91,live-default
50,2026,2026-03-02,22:35:00,DJ30,,win,26.55,0.13,4.5,45,48558.55,48513.55,,,,,開盤前atr也異常大，slow day,TradingNote,101,live-default
51,2026,2026-03-02,22:39:00,DJ30,,win,110,0.61,4,50,48591.6,48546.6,48619.1,,,,開盤前atr也異常大，slow day,TradingNote,102,live-default
52,2026,2026-03-03,22:32:00,NAS100,,loss,-202,-1.01,5,40,24586.88,24546.88,,,,,開盤前atr異常大，NAS來到40，slow day,TradingNote,103,live-default
53,2026,2026-03-04,22:34:00,DJ30,,win,181,0.91,3.3,60,48561.43,48621.43,,,,,開盤前ATR異常大，所以Be careful。 觀察速度，很容易反轉!!!,TradingNote,104,live-default
54,2026,2026-03-05,22:32:00,NAS100,,win,122,0.68,6,30,25052.03,25022.03,25072.48,,,,ATR大，這周戰爭影響都Slow move...,TradingNote,105,live-default
55,2026,2026-03-09,21:31:00,DJ30,,loss,-206,-0.98,3.5,60,47109.55,47049.55,,,,,"FTMO 20W 開始的第一天. ATR very big, slow...............",TradingNote,109,live-default
56,2026,2026-03-10,21:43:00,NAS100,,loss,-213,-1.05,5.8,35,24969.31,25004.31,,,,,"ATR very big, slow...............",TradingNote,110,live-default
57,2026,2026-03-10,21:31:00,DJ30,,be,0,0,4,60,47752.55,47692.55,,,,,"ATR very big, slow............... , BE",TradingNote,111,live-default
58,2026,2026-03-11,21:37:00,DJ30,,loss,-150,-0.71,3.5,60,47621.45,47681.45,,,,,回撤顏色跟PUSH方向不對就進場,TradingNote,112,live-default
59,2026,2026-03-11,21:44:00,DJ30,,win,160.89,0.74,3.1,70,47532.45,47602.45,,,,,,TradingNote,113,live-default
60,2026,2026-03-16,21:31:00,DJ30,,loss,-208,-0.93,5.6,40,46990.58,46950.58,,,,,"要等""突破後""的回撤，但我這沒有突破的，只看到回徹而已",TradingNote,120,live-default
61,2026,2026-03-16,21:33:00,NAS100,,be,0,0,9,20,24710.95,24690.95,,,,,,TradingNote,121,live-default
62,2026,2026-03-16,21:41:00,NAS100,,win,333.2,1.57,8.5,25,24697.45,24672.45,24736.65,,,,,TradingNote,122,live-default
63,2026,2026-03-18,21:46:00,DJ30,,loss,-205.12,-1.07,3.2,60,46904.56,46844.56,,,,,No Value...,TradingNote,123,live-default
64,2026,2026-03-18,22:05:00,DJ30,,loss,-207.48,-1.06,2.8,70,46771.46,46841.46,,,,,打掉我馬上反轉.......................................................:),TradingNote,124,live-default
65,2026,2026-03-19,21:43:00,NAS100,,win,313.94,1.59,4.4,45,24237.45,24192.45,24308.8,,,,,TradingNote,125,live-default
66,2026,2026-03-23,21:42:00,NAS100,,win,91.21,0.29,4.4,71,24343.5,24272.5,24374.95,,,,atr超爆大，DJ30就142....了,TradingNote,134,live-default
67,2026,2026-03-24,21:35:00,DJ30,,loss,-210.3,-1.08,3,65,45945.55,45880.55,,,,,突破Candle走不到0.6 ATR，是否動能不足,TradingNote,135,live-default
68,2026,2026-03-24,21:51:00,NAS100,,loss,-239.94,-1.12,4.3,50,23971.51,24021.51,,,,,突破Candle走不到0.6 ATR，是否動能不足,TradingNote,136,live-default
69,2026,2026-03-25,21:51:00,DJ30,,loss,-141.02,-0.85,2.2,75,46726.57,46651.57,,,,,到達LOST 5%，縮小一半手數,TradingNote,137,live-default
70,2026,2026-03-25,21:35:00,NAS100,,win,19.38,0.23,3.4,25,24207.81,24232.81,24202.11,,,,,TradingNote,138,live-default
71,2026,2026-03-26,21:42:00,DJ30,,win,233.7,1.95,3,40,46228.55,46188.55,46306.45,,,,ATR小，回徹噴的成功率比較大?,TradingNote,139,live-default
72,2026,2026-03-30,21:41:00,DJ30,,win,239.7,1.78,3,45,45489.45,45534.45,45409.55,,,,ATR small,TradingNote,145,live-default
73,2026,2026-03-31,21:34:00,NAS100,,loss,-135.72,-0.87,3.9,40,23291.7,23331.7,,,,,ATR big，用單點突破 ok,TradingNote,146,live-default
74,2026,2026-03-31,21:32:00,DJ30,,be,0,0,2.1,70,45623.46,,,,,,ATR big，用單點突破 ok,TradingNote,147,live-default
75,2026,2026-03-31,21:46:00,NAS100,,win,271.95,1.94,3.5,40,23313.7,23273.7,23391.4,,,,ATR big，用單點突破 ok,TradingNote,148,live-default
76,2026,2026-04-01,21:39:00,NAS100,,loss,-152.79,-1.54,3.3,30,24030.45,24000.45,,,,,"ATR big，沒找乾淨的support，要確認沒被""滿足過""的區域，支撐轉壓力1次而已",TradingNote,149,live-default
77,2026,2026-04-02,21:37:00,NAS100,,win,234.37,1.7,4.6,30,23577.35,23607.35,23526.4,,,,atr small 回撤。Mamba沒進場，但我卻賺錢gd,TradingNote,150,live-default
78,2026,2026-04-06,21:32:00,NAS100,,loss,-150.85,-1.08,7,20,24195.7,24175.7,,,,,使用單突破+支撐SL第一天,TradingNote,157,live-default
79,2026,2026-04-06,21:36:00,NAS100,,loss,-158.9,-1.14,7,20,24103.5,24123.5,,,,,,TradingNote,158,live-default
80,2026,2026-04-06,21:43:00,NAS100,,win,273.7,1.96,7,20,24187.45,24167.45,24226.55,,,,,TradingNote,159,live-default
81,2026,2026-04-07,21:32:00,US30,,win,1427.04,2.38,24,25,46512.68,46537.68,46453.22,,,,更改FTMO host,TradingNote,160,live-default
82,2026,2026-04-08,21:30:00,US30,,win,1415,2.36,24,25,47936.62,47911.62,47995.58,,,,,TradingNote,161,live-default
83,2026,2026-04-09,21:31:00,US30,,loss,-841.2,-1.4,30,20,47711.98,47691.98,,,,,,TradingNote,162,live-default
84,2026,2026-04-09,21:36:00,US30,,loss,-871.2,-1.45,30,20,47781.52,47761.52,,,,,,TradingNote,163,live-default
85,2026,2026-04-09,21:40:00,US30,,loss,-792.96,-1.32,24,25,47805.02,47780.02,,,,,,TradingNote,164,live-default
86,2026,2026-04-14,21:35:00,NAS100,,loss,-927.6,-1.55,60,10,25579.58,25569.58,,,,,看錯symbol，看成vantage symbols,TradingNote,172,live-default
87,2026,2026-04-14,22:09:00,US30,,loss,-666.4,-1.11,40,15,48461.68,48446.68,,,,,,TradingNote,173,live-default
88,2026,2026-04-15,21:33:00,US30,,loss,-1190.4,-1.98,40,15,48579.12,48594.12,,,,,,TradingNote,174,live-default
89,2026,2026-04-15,21:44:00,US30,,win,1269.5,2.12,40,15,48538.62,48553.62,48506.88,,,,,TradingNote,175,live-default
90,2026,2026-04-16,21:31:00,DJ30,,win,929.46,4.43,21,10,48639.58,48629.58,48683.84,,,,,TradingNote,176,live-default
91,2026,2026-04-21,21:31:00,DJ30,,loss,-869.19,-4.14,21,10,49674.83,49684.83,,,,,來不及Close，剛好一買就買到最低點，然後馬上反彈,TradingNote,182,live-default
92,2026,2026-04-21,21:46:00,DJ30,,win,47.46,0.23,21,10,49833.57,49823.57,49835.83,,,,,TradingNote,183,live-default
93,2026,2026-04-21,21:57:00,NAS100,,win,467.46,2.23,21,10,26699.21,26689.21,26721.47,,,,,TradingNote,184,live-default
94,2026,2026-04-22,21:59:00,DJ30,,win,6,0.03,14,15,49620.8,49605.8,,,,,,TradingNote,185,live-default
95,2026,2026-04-27,21:30:00,DJ30,,win,692.3,3.3,14,15,48264.78,48249.78,49314.23,,,,,TradingNote,192,live-default
96,2026,2026-04-28,21:41:00,NAS100,,win,619.71,2.95,21,10,27093.1,27083.1,27122.61,,,,,TradingNote,193,live-default
97,2026,2026-04-29,21:30:00,NAS100,,loss,-383,-1.82,21,10,27044.11,27054.11,,,,,來不及設BE，原本應該BE的。增加EA防止這種情況,TradingNote,194,live-default
98,2026,2026-04-29,21:32:00,DJ30,,loss,-77,-0.37,14,15,49017.28,49032.28,,,,,,TradingNote,195,live-default
99,2026,2026-04-29,21:50:00,NAS100,,loss,-267.54,-1.27,21,10,27112.85,27102.85,,,,,,TradingNote,196,live-default
100,2026,2026-05-05,21:34:00,NAS100,,win,326.95,2.52,13,10,27930.2,27920.2,27955.35,,,,,TradingNote,203,live-default
101,2026,2026-05-06,21:30:00,DJ30,,loss,-250.6,-1.19,14,15,49820.13,49805.13,,,,,,TradingNote,204,live-default
102,2026,2026-05-06,21:36:00,DJ30,,win,34,0.16,14,15,49868.78,49853.78,,,,,,TradingNote,205,live-default
103,2026,2026-05-06,21:37:00,DJ30,,loss,-189.7,-0.9,14,15,49880.78,49865.78,,,,,,TradingNote,206,live-default
104,2026,2026-05-06,21:43:00,NAS100,,loss,-225.54,-1.07,21,10,28375.25,28365.25,,,,,"嚴格制定一天最多幾筆交易，因為避免情緒，BE也算。
老實說 如果有Volume就不會讓你連續失敗兩次了",TradingNote,207,live-default
105,2026,2026-05-11,21:30:00,DJ30,,loss,-213.5,-1.02,14,15,49673.93,49658.93,,,,,結構點畫錯,TradingNote,211,live-default
106,2026,2026-05-11,21:39:00,DJ30,,loss,-203.7,-0.97,14,15,49523.23,49508.23,,,,,,TradingNote,212,live-default
107,2026,2026-05-12,21:34:00,DJ30,,win,580,2.76,14,15,49575.23,49590.23,49533.78,,,,,TradingNote,213,live-default
108,2026,2026-05-14,21:34:00,DJ30,,win,958,4.56,14,15,50034.23,50049.23,49965.78,,,,,TradingNote,214,live-default
109,2026,2026-05-18,21:34:00,DJ30,,loss,-231.7,-1.1,14,15,49519.23,49534.23,,,,,,TradingNote,222,live-default
110,2026,2026-05-18,21:47:00,DJ30,,win,20,0.1,14,15,49668.78,49653.78,,,,,一筆就該收了，因為流動性差的天，不管怎麼做都走不遠,TradingNote,223,live-default
111,2026,2026-05-18,21:38:00,DJ30,,loss,-245.7,-1.17,14,15,49676.78,49661.78,,,,,一筆就該收了，因為流動性差的天，不管怎麼做都走不遠,TradingNote,224,live-default
112,2026,2026-05-18,21:49:00,DJ30,,be,0,0,14,15,49700.78,49685.78,,,,,一筆就該收了，因為流動性差的天，不管怎麼做都走不遠,TradingNote,225,live-default
113,2026,2026-05-19,21:31:00,DJ30,,win,593.46,2.83,7,30,49392.4,49422.4,49307.62,,,,,TradingNote,226,live-default
114,2026,2026-05-20,21:31:00,DJ30,,win,579.46,2.76,7,30,49480.4,49510.4,49397.62,,,,,TradingNote,227,live-default
115,2026,2026-05-21,21:31:00,DJ30,,loss,-239.54,-1.14,7,30,49810.42,49840.42,,,,,或許這支撐沒那麼好，但至少一天一筆 守住,TradingNote,228,live-default
116,2026,2026-05-28,21:30:00,DJ30,,win,577.92,2.75,7,30,50547.42,50577.42,50464.86,,,,,TradingNote,234,live-default
117,2026,2026-06-01,21:31:00,DJ30,,loss,-211.54,-1.01,7,30,50854.39,50884.39,,,,,,TradingNote,243,live-default
118,2026,2026-06-03,21:44:00,NAS100,,win,552.3,2.63,8.4,25,30640.02,30665.02,30574.27,,,,,TradingNote,244,live-default
119,2026,2026-06-04,21:44:00,DJ30,,loss,-218.54,-1.04,7,30,51385.62,51355.62,,,,,,TradingNote,245,live-default
120,2026,2026-06-09,21:32:00,DJ30,,loss,-243.1,-0.81,10,30,51221.66,51191.66,,,,,當SL風險更改，要記得EA也要同時改風險金額,TradingNote,257,live-default
121,2026,2026-06-10,21:34:00,DJ30,,be,0,0,10,30,50605.53,50635.53,,,,,,TradingNote,258,live-default
122,2026,2026-06-10,21:38:00,NAS100,,loss,-309.36,-1.03,12,25,29018.32,28993.32,,,,,,TradingNote,259,live-default
123,2026,2026-06-11,21:46:00,DJ30,,loss,-293.1,-0.98,10,30,50353.09,50323.09,,,,,,TradingNote,260,live-default
124,2026,2026-06-15,21:31:00,NAS100,,win,41.4,0.14,12,25,30406.55,30381.55,30410.0,,,,,TradingNote,267,live-default
125,2026,2026-06-22,21:30:00,DJ30,,win,1046.9,3.49,10,30,51871.66,51841.66,30410.0,,,,,TradingNote,276,live-default
126,2026,2026-06-23,21:30:00,US30,,loss,-1064,-1.07,33,30,51359.42,51389.42,,,,,FTMO 10K 1step挑戰,TradingNote,277,live-default
127,2026,2026-06-25,21:31:00,US100,,be,0,0,40,25,29774.6,29799.6,,,,,,TradingNote,278,live-default
128,2026,2026-06-29,21:34:00,US30,,loss,-1130.58,-1.14,33,30,52176.78,52146.78,,,,,,TradingNote,285,live-default
129,2026,2026-06-30,21:36:00,US100,,be,0,0,40,25,29946.7,29921.7,,,,,,TradingNote,286,live-default
130,2026,2026-07-01,21:54:00,US30,,loss,-1114.08,-1.13,33,30,52281.98,52251.98,,,,,,TradingNote,287,live-default
131,2026,2026-07-02,21:47:00,US30,,loss,-701.58,-0.71,33,30,52724.38,52694.38,,,,,EA不知為啥自己設奇怪的SL，不然可以TP2,TradingNote,288,live-default
132,2026,2026-07-06,21:30:00,US30,,loss,-1262.58,-1.28,33,30,53007.58,52977.58,,,,,,TradingNote,294,live-default
133,2026,2026-07-07,21:39:00,US30,,win,1575.42,1.59,33,30,53139.62,53169.62,53091.88,,,,,TradingNote,295,live-default
134,2026,2026-07-08,21:30:00,US30,,loss,-256,-0.26,33,30,52347.62,52377.62,,,,,,TradingNote,296,live-default
135,2026,2026-07-09,21:35:00,US100,,win,1288,1.29,40,25,29592.2,29567.2,29624.4,,,,,TradingNote,297,live-default
136,2026,2026-07-13,21:30:00,US100,,loss,-1080,-1.08,40,25,29443.4,29468.4,,,,,,TradingNote,304,live-default
137,2026,2026-07-14,21:33:00,US30,,loss,-1130,-1.14,33,30,52335.02,52365.02,,,,,,TradingNote,305,live-default
138,2026,2026-07-15,21:31:00,US100,,loss,-1052,-1.05,40,25,29724.5,29749.5,,,,,"完全copy Mamba, 這筆如果是原本的我不會做",TradingNote,306,live-default
139,2026,2026-07-15,21:36:00,US30,,win,2136.42,2.16,33,30,52709.88,52679.88,52774.62,,,,,TradingNote,307,live-default
140,2026,2026-07-20,21:31:00,US100,,loss,-1080,-1.08,40,25,28900.5,28875.5,,,,,Mamba今天賺錢,TradingNote,316,live-default
141,2026,2026-07-21,21:30:00,US30,,loss,-1163.58,-1.18,33,30,52067.78,52037.78,,,,,,TradingNote,317,live-default
142,2026,2026-07-21,21:34:00,US100,,loss,-1092,-1.09,40,25,28964.5,28989.5,,,,,,TradingNote,318,live-default
143,2025,2025-10-21,21:41:00,NAS100,,win,3.49,1,,,25136.42,25160.74,25097.89、25017.97,,,,,2025 TradingNote,7,live-default
144,2025,2025-10-21,21:44:00,DJ30,,loss,-6.2,-1,,,46859.59,46792.51,46862.23、46890.94,,,,,2025 TradingNote,8,live-default
145,2025,2025-10-21,21:46:00,DJ30,,loss,-8,-1,,,46859.59,46792.51,46862.23、46890.94,,,,,2025 TradingNote,9,live-default
146,2025,2025-10-21,21:32:00,NAS100,,loss,-3.29,-1,,,25136.42,25160.74,25097.89、25017.97,,,,,2025 TradingNote,10,live-default
147,2025,2025-10-22,21:31:00,DJ30,,win,4.1,0.5,,,46932.99,46948.22,46885.02、46810.26,,,,,2025 TradingNote,11,live-default
148,2025,2025-10-22,21:33:00,NAS100,,loss,-6,-1,,,25068.33,25087.68,25018.38、24997.85,,,,入場點設錯(要設離當下最近的)跟TP1設太遠、原本應該可以賺錢的，但紀律有守住。,2025 TradingNote,12,live-default
149,2025,2025-10-23,21:31:00,DJ30,,win,13.5,1.5,,,46618.75,46602.19,46738.02、46818.14,,,,,2025 TradingNote,13,live-default
150,2025,2025-10-23,21:33:00,NAS100,,win,10,3,,,24903.54,24886.17,24932.41、24990.56,,,,,2025 TradingNote,14,live-default
151,2025,2025-10-24,21:30:00,DJ30,,loss,-6.33,-1,,,46618.75,46602.19,46738.02、46818.14,,,,,2025 TradingNote,15,live-default
152,2025,2025-10-24,21:31:00,NAS100,,loss,-3.24,-1,,,25319.83,25326.82,25253.69、25208.36,,,,,2025 TradingNote,16,live-default
153,2025,2025-10-24,21:35:00,DJ30,,win,8,1,,,47044.41,47019.97,47116.41、47177.83,,,,Using Mamba TP，因為在高點,2025 TradingNote,17,live-default
154,2025,2025-10-24,21:35:00,NAS100,,win,4.21,1.5,,,25365.66,25341.54,,,,,Using Mamba TP，因為在高點,2025 TradingNote,18,live-default
155,2025,2025-10-27,21:32:00,DJ30,,loss,-4.53,-0.5,,,47494.05,47510.83,47349.56、47218.19,,,,,2025 TradingNote,20,live-default
156,2025,2025-10-27,21:36:00,NAS100,,loss,-4.19,-1,,,25693.37,25703.51,25653.78,,,,,2025 TradingNote,21,live-default
157,2025,2025-10-27,21:31:00,NAS100,,loss,-3.69,-1,,,25734.55,25719.3,,,,,進入還沒設TP就被SL，當下怕被止損，所以調大SL -> 沒遵守計畫,2025 TradingNote,22,live-default
158,2025,2025-10-27,21:41:00,DJ30,,loss,-9.73,1,,,47494.05,47510.83,47349.56、47218.19,,,,,2025 TradingNote,23,live-default
159,2025,2025-10-28,21:38:00,DJ30,,win,10.2,1.5,,,47842.1,47892.48,47796.85、47642.39,,,,"特意等到31分後，多次反彈後突破高點進場，然後有學習MAMBA移動到5min最近的支撐壓力，
不然原本是放在47786.63",2025 TradingNote,24,live-default
160,2025,2025-10-30,21:31:00,DJ30,,win,6.4,0.5,,,47533.45,47508.98,47603.79、47711.45,,,,稍微有點早進的感覺，TP1到了直接砍掉，應該要BE，然後砍一半,2025 TradingNote,25,live-default
161,2025,2025-10-30,21:35:00,NAS100,,win,4.06,1.5,,,25935.64,25969.4,25906.72、25865.86,,,,稍微有點早進的感覺，TP1到了直接砍掉，應該要BE，然後砍一半,2025 TradingNote,26,live-default
162,2025,2025-10-31,21:42:00,DJ30,,loss,-7.61,-1,,,47566.71,47604.12,47450.4、47335.29,,,,,2025 TradingNote,27,live-default
163,2025,2025-10-31,21:33:00,NAS100,,win,10.1,3,,,26053.65,26070.74,26015.96、25968.77,,,,,2025 TradingNote,28,live-default
164,2025,2025-10-31,21:32:00,NAS100,,loss,-2.94,-1,,,26053.65,26070.3,26015.96、25968.77,,,,,2025 TradingNote,29,live-default
165,2025,2025-11-03,21:35:00,DJ30,,loss,-1.01,0,,,47611.01,47508.98,47698.27、47737.03,,,,"支撐壓力畫錯，沒動能，主動砍掉的，因為沒動能又要22點了, 後來發現是美股換季",2025 TradingNote,35,live-default
166,2025,2025-11-03,21:33:00,NAS100,,win,1.31,0,,,26068.52,25969.4,26110.45、26155.77,,,,"沒動能，砍掉後有到TP1跟TP2, 後來發現是美股換季",2025 TradingNote,36,live-default
167,2025,2025-11-04,22:32:00,DJ30,,loss,-12.8,-1,,,47009.56,47056,46920.56、46875.46,,,,"23點 JOLTs 新聞, Maybe 需要增加一條Rule, 沒畫到最近的支撐，所以曼巴賺錢我虧",2025 TradingNote,37,live-default
168,2025,2025-11-04,22:34:00,NAS100,,loss,-12.09,-1,,,25594.2,25628.94,25432.4,,,,"23點 JOLTs 新聞, Maybe 需要增加一條Rule",2025 TradingNote,38,live-default
169,2025,2025-11-05,22:41:00,DJ30,,loss,-12.4,-1,,,47123.61,47156.12,47082.83、47021.97,,,,,2025 TradingNote,39,live-default
170,2025,2025-11-05,22:36:00,NAS100,,loss,-8.74,-1,,,25405.31,25433.31,25327.96、25266.46,,,,,2025 TradingNote,40,live-default
171,2025,2025-11-06,22:36:00,NAS100,,loss,-5.49,-1,,,25548.74,25559.05,25504.59、25454.09,,,,,2025 TradingNote,41,live-default
172,2025,2025-11-06,22:32:00,DJ30,,loss,-15.6,-1,,,47399.84,47318.03,47483.25、47585.27,,,,曼巴直接做空，不做突破，不知道為啥。(可能因為15min EMA碰到跟剛好支撐壓力位置),2025 TradingNote,42,live-default
173,2025,2025-11-06,22:41:00,NAS100,,win,2.31,0.5,,,25548.74,25559.05,25504.59、25454.09,,,,,2025 TradingNote,43,live-default
174,2025,2025-11-06,22:50:00,DJ30,,win,5.1,0.5,,,47250.75,47283.77,47150.85、47012.99,,,,,2025 TradingNote,44,live-default
175,2025,2025-11-06,22:50:00,DJ30,,win,14.1,1.5,,,47250.75,47283.77,47150.85、47012.99,,,,,2025 TradingNote,45,live-default
176,2025,2025-11-07,22:35:00,NAS100,,win,4.28,1.5,,,24973.38,25005.11,24927.6、24828.76,,,,,2025 TradingNote,46,live-default
177,2025,2025-11-07,22:31:00,DJ30,,win,1.5,0,,,46778.77,46805.21,46710.87、46600.11,,,,,2025 TradingNote,47,live-default
178,2025,2025-11-10,22:31:00,DJ30,,win,6.4,0.5,,,47279.17,47239.59,47343.91、47421.54,,,,Using Mamba TP，因為上個結構點太遠,2025 TradingNote,48,live-default
179,2025,2025-11-10,22:33:00,NAS100,,win,2.41,0.5,,,25516.2,25495.95,25553.82、25659.99,,,,,2025 TradingNote,49,live-default
180,2025,2025-11-11,22:37:00,NAS100,,loss,-6.64,-1,,,255575.66,25549.72,,,,,"還沒設TP就被打掉，沒動能，後來發現Major banks in the U.S are closed,  https://www.forexfactory.com/#detail=140507",2025 TradingNote,50,live-default
181,2025,2025-11-14,22:33:00,DJ30,,win,12.4,1.5,,,46984.44,47034.42,46896.87、46697.56,,,,,2025 TradingNote,51,live-default
182,2025,2025-11-14,22:37:00,NAS100,,win,8.12,1.5,,,24738.37,24702.63,24873.08,,,,,2025 TradingNote,52,live-default
183,2025,2025-11-17,22:31:00,DJ30,,loss,-13,-1,,,47066.56,47126.36,46940.36,,,,跟隨曼巴第一天YA,2025 TradingNote,64,live-default
184,2025,2025-11-17,22:35:00,NAS100,,win,23,1.5,,,25049.37,25017.39,25099.11、25161.81,,,,,2025 TradingNote,65,live-default
185,2025,2025-11-17,22:35:00,DJ30,,win,6,0.5,,,47124.25,47126.36,47223.74、47285.19,,,,,2025 TradingNote,66,live-default